#slipping;5
#smallbiz;5
#elkhart;5
#moreincommon;1
#nato;5
#brexitvote;1
#daca;5
#isis;5
#unga;5
#orlando;5
#maga…;5
#hrc4pa;5
#philandocastile;1
#nobillnobreak;1
#megynkellypresents;1
#utahprimary;1
#apahm;5
#donald;5
#utah4trump;1
#orlandounited;1
#vaticanwalls;1
#michaelmoore;1
#earthday;5
#statehood;5
#cruz;5
#opioidawarenessweek;1
#lyingted;5
#scprimary;5
#stopcommoncore;1
#makeyoutubegreatagain;1
#brussels;5
#newday;5
#virwinia;5
#trumppence2016;1
#madeinamerica;1
#teamtrump;5
#alconvention2016;1
#iregistered…;1
#titleix;5
#democraticsitin;1
#wemadehistory;1
#michaelbrown;1
#debates2016;1
#jenniferrubin;1
#msm;5
#wakeupamerica;1
#maitnerstrong;1
#americafirst…;1
#rncincle's;1
#pulse;5
#debatenight…;1
#wattersworld;1
#votetrumpvt;1
#azprimary;5
#goldenglobe;1
#wimbledon;5
#demsinphl;5
#gibill;5
#makeamericagreatagain…;1
#johnryder;5
#trumpineverett;1
#ca4trump;5
#sb50;5
#rosanelleaton;1
#dtmag;5
#;5
#scotus;5
#secondamendment;1
#makeamericagreatagain;4
#myteacherisweird;1
#veterans;5
#foxnews;5
#srebrenica;1
#imwithhernandez;1
#rncwithbernie;1
#utahcaucus;1
#wisconsin;5
#iowacaucus;1
#wiprimary;5
#nps100;5
#orprimary;5
#blacksfortrump;1
#dday;5
#crookedhillary's;1
#americafirst;3
#eastvillage;1
#votetrump;3
#sallyrideday;1
#nevercruz;5
#morningjoe;1
#westvirginia;1
#youthday;5
#lawandorder;1
#uaw;5
#ivoted;5
#hannity;5
#ford;5
#robotrubio;1
#trumpdallas;1
#prince;5
#sitin;5
#indprimary;1
#shewon;5
#womancard;5
#upupup;5
#notonemore;1
#jobs;5
#ut;5
#deprimary;5
#southcarolinaprimary;1
#thankavet;5
#newhampshire;1
#trump;5
#votetrumpwi;1
#excellent;5
#wearebernie;1
#shewon…;5
#armybday;5
#hillaryoncnn;1
#changeagents;1
#trumpmovement;1
#wcs16;5
#stanleycup;1
#jonas;5
#nationalvoterregistrationday;1
#gplfers;5
#icymi;5
#trump2016;2
#aslongasittakes;1
#lesm;5
#hispanicheritagemonth;1
#mayday;5
#internationalnursesday;1
#taxplan;5
#msprimary;5
#cripthevote;1
#watch;5
#disarmhate;1
#teachers4trump;1
#rogerailes;1
#cbnnews;5
#fail#politician;1
#women4trump;1
#ontherecord;1
#rnc;5
#tpp;5
#sayhername;1
#trumpwon;5
#work;5
#trumpsupporters;1
#creatorsaskhrc;1
#eauclaire;5
#kentuckyderby;1
#librarianofcongress;1
#presidenttrump;1
#obamacare;5
#debate;5
#trumplv;5
#olmstead;5
#caprimary;5
#neverdems;5
#obamacare-;1
#arizonaprimary;1
#mahalo;5
#primaryday;1
#blackmenforbernie;1
#leadright2016;1
#riprimary;5
#teacherappreciationday;1
#maga;3
#laurencetribe;1
#lonestarstate;1
#trumptrain…;1
#mediafraud;1
#netneutrality;1
#irandeal;5
#whd;5
#mikepence;5
#paprimary;5
#neilcavuto;1
#60minutes;5
#openingceremony;1
#firstinpotus;1
#memorialday;1
#fightforfamilies;1
#rip;5
#dncinphl;5
#nevertrump;1
#clinton;5
#juangabriel;1
#blackwomensequalpay;1
#actonclimate;1
#enough;5
#trumpcountry;1
#littlemarco;1
#commoncore;1
#nomoresilence;1
#aipac2016;5
#cnn;5
#votetrumpnh;1
#nvcaucus;5
#trumpiswithyou;1
#strongertogether;1
#terencecrutcher;1
#trumptrain;3
#electionday;1
#iapolitics;1
#benghazi;5
#southcarolina;1
#whereshillary;1
#mdprimary;5
#declareyourambition;1
#yuge;5
#juntossepuede;1
#haileypuckett;1
#laurence;5
#clintonkaine;1
#lgbt;5
#citizensunited;1
#women4ttump;1
#fallontonight;1
#mexico;5
#rollcallvote;1
#wetrumphate;1
#trumpnv;5
#ada;5
#madeforhistory;1
#estoyconella;1
#utah;5
#mdw;5
#debate…;5
#hillary2016;1
#rncincle;3
#charleston9;1
#demplatform;1
#lightweightsenatormarcorubio;1
#mormon;5
#sheswithus;1
#trump4vets;1
#nbcnewsforum;1
#makeamericasafeagain;1
#votetrumpnc;1
#dnc;5
#historymade;1
#wibackher;5
#defendthesecond;1
#tbt;5
#gopconvention;1
#laborday;5
#endgunviolence;1
#msnbctownhall;1
#lovetrumpshate;1
#enjoy;5
#economy;5
#derp;5
#riggedsystem;1
#primary;5
#media;5
#greta;5
#khizrkhan;5
#hillaryclinton;1
#cruzfraud;5
#nyprimary;5
#caribbean;5
#nascar;5
#lssc;5
#fairandbalancedmyass;1
#ohhillyes;5
#imwithyou;3
#nycpride;5
#flashbackfriday;1
#restorethevra;1
#holdthefloor;1
#trump360;5
#commonlaw;5
#endcommoncore;1
#saveelephants;1
#votetrumpil;1
#caucusfortrump;1
#coastguardday;1
#jimmyfallon;1
#fox;5
#carrier;5
#newyork;5
#repmikekelly;1
#fixdemocracyfirst;1
#whcd;5
#smallbizweek;1
#laflood;5
#filibuster;1
#ctprimary;5
#rtm2016;5
#debatenight;3
#teamusa;5
#kenlangone;1
#demconvention;1
#kansascaucus;1
#gopdebate;5
#votetrumpma;1
#mothersday;1
#wh';5
#ted;5
#demsinphilly;3
#fns;5
#ugpride2016;1
#brexit;5
#trumppence16;1
#noloyalty;5
#wewanttrump;1
#wausau;5
#mattschlapp;1
#utcaucus;5
#tedcruz;5
#trumpforpresident;1
#nabjnahj16;1
#arizona;5
#votetrumpmi;1
#superbowlsunday;1
#washingtondc;1
#votetrumpnv;1
#thetonightshow;1
#campaignfinance;1
#houstonflood;1
#votetrumpny;1
#gopincle;5
#votetrump2016;1
#'s;5
#purpleheartday;1
#worldrefugeeday;1
#rio2016;5
#1;5
#supersaturday;1
#harveypitt;1
#turnuptovote;1
#commanderinchiefforum;1
#iacaucus;5
#makersandtakers;1
#aidsfreegeneration;1
#divodejuarez;1
#westerntuesday;1
#standwithlouisiana;1
#davidcameron;1
#voterregistrationday;1
#naacp107;5
#understandslavery;1
#stopthehate;1
#crookedhillary;1
#gop;5
#usa;5
#fitn;5
#supertuesday;1
#meetthetrumps;1
#voterfraud;1
#imwithyou…;1
#iowa;5
#goodtrouble;1
#gunviolence;1
#neverhillary;1
##;5
#laudatosi;5
#cincodemayo;1
#alwaystrump;1
#naturalborn;1
#americansamoa;1
#newyorkvalues;1
#marybrigidmcmanamon;1
#decision2016;1
#stopgunviolence;1
#feelthebern;1
#trump4president;1
#trumpyourself;1
#nhpolitics;1
#bikersfortrump;1
#mothersofthemovement;1
#thanksobama;1
#nevadacaucus;1
#sotu;5
#extremevetting;1
#hillarykaine2016;1
#turkey;5
#election2016;1
#buildthewall;1
#withcruzyoulose;1
#potus;5
#indiana;5
#az;5
#diwali;5
#supertuesday ;1
#nebraskaprimary;1
#trumpwaikiki;1
#womensequalityday;1
#colbert;5
#trumpdog;5
#hillaryongma;1
#usmc2016;5
#polls;5
#armedforcesday;1
#votersspeak;1
#inprimary;5
#neverforget;1
#go;5
#imwithher;5
#2a;5
#thedonald's;1
#votetrumpsc;1
#americagreatagain;1
#rubio-#bush;1
#nhprimary;5
#2016;5
#standtogether;1
#racine;5
#frozen;5
